timestamp,phase,cpu_percent,memory_mb,peak_memory_mb,elapsed_sec,threads
2025-04-12T18:33:35.039517,Start of training,1.0,378.44140625,378.44140625,1.0,2
2025-04-12T18:33:37.052137,Before partition 1,0.0,378.44140625,378.44140625,3.0,2
2025-04-12T18:33:42.865126,After partition 1,0.0,409.171875,409.171875,8.8,2
2025-04-12T18:33:44.877480,Before partition 2,0.0,409.171875,409.171875,10.8,2
2025-04-12T18:33:50.600319,After partition 2,0.0,412.921875,412.921875,16.6,2
2025-04-12T18:33:52.612193,Before partition 3,0.0,412.921875,412.921875,18.6,2
2025-04-12T18:33:58.374390,After partition 3,0.0,414.046875,414.046875,24.3,2
2025-04-12T18:34:00.385768,Before partition 4,0.0,414.046875,414.046875,26.4,2
2025-04-12T18:34:06.127778,After partition 4,0.0,414.046875,414.046875,32.1,2
2025-04-12T18:34:08.138968,Before partition 5,0.0,414.046875,414.046875,34.1,2
2025-04-12T18:34:13.898898,After partition 5,0.0,414.046875,414.046875,39.9,2
2025-04-12T18:34:15.910347,Before partition 6,0.0,414.046875,414.046875,41.9,2
2025-04-12T18:34:21.738724,After partition 6,0.0,414.046875,414.046875,47.7,2
2025-04-12T18:34:23.745615,Before partition 7,0.0,414.046875,414.046875,49.7,2
2025-04-12T18:34:29.226120,After partition 7,0.0,414.046875,414.046875,55.2,2
2025-04-12T18:34:31.238134,Before partition 8,0.0,414.046875,414.046875,57.2,2
2025-04-12T18:34:36.962621,After partition 8,0.0,414.046875,414.046875,62.9,2
2025-04-12T18:34:38.973576,Before partition 9,0.0,414.046875,414.046875,64.9,2
2025-04-12T18:34:44.727445,After partition 9,0.0,414.046875,414.046875,70.7,2
2025-04-12T18:34:46.739820,End of training,0.0,414.046875,414.046875,72.7,2
2025-04-12T18:38:43.337641,Start of training,2.0,378.01953125,378.01953125,1.0,2
2025-04-12T18:38:45.350270,Before partition 1,0.0,378.01953125,378.01953125,3.0,2
2025-04-12T18:38:51.157218,After partition 1,0.0,408.8828125,408.8828125,8.8,2
2025-04-12T18:38:53.169466,Before partition 2,0.0,408.8828125,408.8828125,10.8,2
2025-04-12T18:38:58.884396,After partition 2,0.0,412.0078125,412.0078125,16.6,2
2025-04-12T18:39:00.891665,Before partition 3,0.0,412.0078125,412.0078125,18.6,2
2025-04-12T18:39:06.646161,After partition 3,0.0,413.234375,413.234375,24.3,2
2025-04-12T18:39:08.658386,Before partition 4,0.0,413.234375,413.234375,26.3,2
2025-04-12T18:39:14.376342,After partition 4,0.0,413.234375,413.234375,32.0,2
2025-04-12T18:39:16.388698,Before partition 5,0.0,413.234375,413.234375,34.1,2
2025-04-12T18:39:22.113584,After partition 5,0.0,413.234375,413.234375,39.8,2
2025-04-12T18:39:24.126183,Before partition 6,0.0,413.234375,413.234375,41.8,2
2025-04-12T18:39:29.856403,After partition 6,0.0,413.234375,413.234375,47.5,2
2025-04-12T18:39:31.864688,Before partition 7,0.0,413.234375,413.234375,49.5,2
2025-04-12T18:39:37.343399,After partition 7,0.0,413.234375,413.234375,55.0,2
2025-04-12T18:39:39.351915,Before partition 8,0.0,413.234375,413.234375,57.0,2
2025-04-12T18:39:45.068267,After partition 8,0.0,413.234375,413.234375,62.7,2
2025-04-12T18:39:47.080395,Before partition 9,0.0,413.234375,413.234375,64.8,2
2025-04-12T18:39:52.813268,After partition 9,0.0,413.484375,413.484375,70.5,2
2025-04-12T18:39:54.825563,End of training,0.0,413.484375,413.484375,72.5,2
2025-04-12T18:43:02.184117,Start of training,1.0,379.11328125,379.11328125,1.0,2
2025-04-12T18:43:04.193791,Before partition 1,0.0,379.11328125,379.11328125,3.0,2
2025-04-12T18:43:39.663890,After partition 1,0.0,448.671875,448.671875,38.5,2
2025-04-12T18:43:41.675862,Before partition 2,0.0,448.671875,448.671875,40.5,2
2025-04-12T18:44:16.774639,After partition 2,5.0,453.47265625,453.47265625,75.6,2
2025-04-12T18:44:18.786536,Before partition 3,0.0,453.47265625,453.47265625,77.6,2
2025-04-12T18:44:53.991268,After partition 3,1.0,454.390625,454.390625,112.8,2
2025-04-12T18:44:56.003167,Before partition 4,0.0,454.390625,454.390625,114.8,2
2025-04-12T18:45:31.287084,After partition 4,6.0,454.390625,454.390625,150.1,2
2025-04-12T18:45:33.294906,Before partition 5,0.0,454.390625,454.390625,152.1,2
2025-04-12T18:46:08.656412,After partition 5,5.0,454.390625,454.390625,187.5,2
2025-04-12T18:46:10.668286,Before partition 6,0.0,454.390625,454.390625,189.5,2
2025-04-12T18:46:46.054474,After partition 6,3.0,454.390625,454.390625,224.9,2
2025-04-12T18:46:48.066541,Before partition 7,0.0,454.390625,454.390625,226.9,2
2025-04-12T18:47:23.922401,After partition 7,4.0,454.390625,454.390625,262.7,2
2025-04-12T18:47:25.932364,Before partition 8,0.0,454.390625,454.390625,264.8,2
2025-04-12T18:48:01.387585,After partition 8,6.0,454.390625,454.390625,300.2,2
2025-04-12T18:48:03.399193,Before partition 9,0.0,454.390625,454.390625,302.2,2
2025-04-12T18:48:38.867556,After partition 9,3.0,454.890625,454.890625,337.7,2
2025-04-12T18:48:40.879566,End of training,0.0,454.890625,454.890625,339.7,2
2025-04-12T18:53:46.163325,Start of training,1.0,378.7890625,378.7890625,1.0,2
2025-04-12T18:53:48.172128,Before partition 1,0.0,378.7890625,378.7890625,3.0,2
2025-04-12T18:54:23.978418,After partition 1,0.0,454.98046875,454.98046875,38.8,2
2025-04-12T18:54:25.990232,Before partition 2,0.0,454.98046875,454.98046875,40.8,2
2025-04-12T18:55:02.295567,After partition 2,4.0,456.98046875,456.98046875,77.1,2
2025-04-12T18:55:04.307482,Before partition 3,0.0,456.98046875,456.98046875,79.2,2
2025-04-12T18:55:40.122542,After partition 3,3.0,457.10546875,457.10546875,115.0,2
2025-04-12T18:55:42.134421,Before partition 4,0.0,457.10546875,457.10546875,117.0,2
2025-04-12T18:56:18.016386,After partition 4,4.0,457.35546875,457.35546875,152.9,2
2025-04-12T18:56:20.028459,Before partition 5,0.0,457.35546875,457.35546875,154.9,2
2025-04-12T18:56:55.836165,After partition 5,5.0,457.60546875,457.60546875,190.7,2
2025-04-12T18:56:57.847397,Before partition 6,0.0,457.60546875,457.60546875,192.7,2
2025-04-12T18:57:34.858386,After partition 6,2.0,457.85546875,457.85546875,229.7,2
2025-04-12T18:57:36.869290,Before partition 7,0.0,457.85546875,457.85546875,231.7,2
2025-04-12T18:58:11.953350,After partition 7,5.0,457.85546875,457.85546875,266.8,2
2025-04-12T18:58:13.965706,Before partition 8,0.0,457.85546875,457.85546875,268.8,2
2025-04-12T18:58:49.524028,After partition 8,4.0,457.85546875,457.85546875,304.4,2
2025-04-12T18:58:51.534382,Before partition 9,0.0,457.85546875,457.85546875,306.4,2
2025-04-12T18:59:27.192590,After partition 9,5.0,457.85546875,457.85546875,342.0,2
2025-04-12T18:59:29.204891,End of training,0.0,457.85546875,457.85546875,344.1,2
2025-04-12T19:01:54.585244,Start of training,2.0,377.578125,377.578125,1.0,2
2025-04-12T19:01:56.593771,Before partition 1,0.0,377.578125,377.578125,3.0,2
2025-04-12T19:02:32.951301,After partition 1,0.0,464.26953125,464.26953125,39.4,2
2025-04-12T19:02:34.962889,Before partition 2,0.0,464.26953125,464.26953125,41.4,2
2025-04-12T19:03:14.207817,After partition 2,4.0,462.27734375,498.3203125,80.6,2
2025-04-12T19:03:16.219355,Before partition 3,0.0,462.27734375,498.3203125,82.6,2
2025-04-12T19:03:55.681643,After partition 3,6.0,462.89453125,499.44921875,122.1,2
2025-04-12T19:03:57.693539,Before partition 4,0.0,462.89453125,499.44921875,124.1,2
2025-04-12T19:04:36.912203,After partition 4,4.0,462.9140625,499.44921875,163.3,2
2025-04-12T19:04:38.924010,Before partition 5,0.0,462.9140625,499.44921875,165.3,2
2025-04-12T19:05:18.485348,After partition 5,1.0,465.03125,499.78125,204.9,2
2025-04-12T19:05:20.496549,Before partition 6,0.0,465.03125,499.78125,206.9,2
2025-04-12T19:05:57.039899,After partition 6,4.0,466.90625,499.78125,243.5,2
2025-04-12T19:05:59.051886,Before partition 7,0.0,466.90625,499.78125,245.5,2
2025-04-12T19:06:33.981704,After partition 7,10.9,466.90625,499.78125,280.4,2
2025-04-12T19:06:35.994048,Before partition 8,0.0,466.90625,499.78125,282.4,2
2025-04-12T19:07:15.102036,After partition 8,4.0,466.16015625,499.78125,321.5,2
2025-04-12T19:07:17.114024,Before partition 9,0.0,466.16015625,499.78125,323.5,2
2025-04-12T19:07:56.630501,After partition 9,4.0,465.203125,500.3671875,363.1,2
2025-04-12T19:07:58.640286,End of training,0.0,465.203125,500.3671875,365.1,2
2025-04-12T19:09:21.121431,Start of training,3.0,378.01171875,378.01171875,1.0,2
2025-04-12T19:09:23.133323,Before partition 1,0.0,378.01171875,378.01171875,3.0,2
2025-04-12T19:09:59.291868,After partition 1,0.0,464.65234375,464.65234375,39.2,2
2025-04-12T19:10:01.300584,Before partition 2,0.0,464.65234375,464.65234375,41.2,2
2025-04-12T19:10:46.697598,After partition 2,4.0,459.05078125,546.93359375,86.6,2
2025-04-12T19:10:48.709907,Before partition 3,0.0,459.05078125,546.93359375,88.6,2
2025-04-12T19:11:34.965922,After partition 3,4.0,518.0546875,546.93359375,134.9,2
2025-04-12T19:11:36.978216,Before partition 4,0.0,518.0546875,546.93359375,136.9,2
2025-04-12T19:12:22.820444,After partition 4,3.0,469.453125,546.93359375,182.7,2
2025-04-12T19:12:24.831438,Before partition 5,0.0,469.453125,546.93359375,184.7,2
2025-04-12T19:13:11.978808,After partition 5,5.0,470.98046875,549.953125,231.9,2
2025-04-12T19:13:13.988513,Before partition 6,0.0,470.98046875,549.953125,233.9,2
2025-04-12T19:13:50.321707,After partition 6,5.0,470.98046875,549.953125,270.2,2
2025-04-12T19:13:52.331423,Before partition 7,0.0,470.98046875,549.953125,272.2,2
2025-04-12T19:14:29.930495,After partition 7,10.0,470.98046875,549.953125,309.8,2
2025-04-12T19:14:31.941288,Before partition 8,0.0,470.98046875,549.953125,311.8,2
2025-04-12T19:15:18.119382,After partition 8,4.0,461.1015625,549.953125,358.0,2
2025-04-12T19:15:20.131300,Before partition 9,0.0,461.1015625,549.953125,360.0,2
2025-04-12T19:16:07.152830,After partition 9,4.0,461.36328125,551.24609375,407.0,2
2025-04-12T19:16:09.164395,End of training,0.0,461.36328125,551.24609375,409.1,2
2025-04-12T19:16:25.788739,Start of training,1.0,377.9375,377.9375,1.0,2
2025-04-12T19:16:27.800397,Before partition 1,0.0,377.9375,377.9375,3.0,2
2025-04-12T19:17:04.208559,After partition 1,0.0,464.94140625,464.94140625,39.4,2
2025-04-12T19:17:06.217943,Before partition 2,0.0,464.94140625,464.94140625,41.4,2
2025-04-12T19:17:45.182391,After partition 2,4.0,463.515625,496.25390625,80.4,2
2025-04-12T19:17:47.194271,Before partition 3,0.0,463.515625,496.25390625,82.4,2
2025-04-12T19:18:26.540907,After partition 3,4.0,478.953125,502.109375,121.8,2
2025-04-12T19:18:28.552707,Before partition 4,0.0,478.953125,502.109375,123.8,2
2025-04-12T19:19:07.518676,After partition 4,4.0,479.0234375,502.109375,162.7,2
2025-04-12T19:19:09.527995,Before partition 5,0.0,479.0234375,502.109375,164.7,2
2025-04-12T19:19:48.745374,After partition 5,6.0,481.734375,502.109375,204.0,2
2025-04-12T19:19:50.756688,Before partition 6,0.0,481.734375,502.109375,206.0,2
2025-04-12T19:20:26.908864,After partition 6,5.0,481.734375,502.109375,242.1,2
2025-04-12T19:20:28.919328,Before partition 7,0.0,481.734375,502.109375,244.1,2
2025-04-12T19:21:03.809966,After partition 7,6.0,481.734375,502.109375,279.0,2
2025-04-12T19:21:05.822316,Before partition 8,0.0,481.734375,502.109375,281.0,2
2025-04-12T19:21:44.674498,After partition 8,4.0,479.20703125,502.109375,319.9,2
2025-04-12T19:21:46.686874,Before partition 9,0.0,479.20703125,502.109375,321.9,2
2025-04-12T19:22:26.022959,After partition 9,4.0,485.5859375,503.33203125,361.2,2
2025-04-12T19:22:28.033824,End of training,0.0,485.5859375,503.33203125,363.3,2
2025-04-12T19:23:35.057257,Start of training,2.0,377.953125,377.953125,1.0,2
2025-04-12T19:23:37.069242,Before partition 1,0.0,377.953125,377.953125,3.0,2
2025-04-12T19:24:14.257615,After partition 1,0.0,467.5,467.5,40.2,2
2025-04-12T19:24:16.269504,Before partition 2,0.0,467.5,467.5,42.2,2
2025-04-12T19:24:58.001813,After partition 2,4.0,468.9921875,543.59765625,84.0,2
2025-04-12T19:25:00.013453,Before partition 3,0.0,468.9921875,543.59765625,86.0,2
2025-04-12T19:25:42.101185,After partition 3,6.0,470.02734375,543.59765625,128.1,2
2025-04-12T19:25:44.112051,Before partition 4,0.0,470.02734375,543.59765625,130.1,2
2025-04-12T19:26:25.694570,After partition 4,5.0,474.2109375,543.59765625,171.6,2
2025-04-12T19:26:27.706701,Before partition 5,0.0,474.2109375,543.59765625,173.7,2
2025-04-12T19:27:09.745478,After partition 5,5.0,474.67578125,543.59765625,215.7,2
2025-04-12T19:27:11.758052,Before partition 6,0.0,474.67578125,543.59765625,217.7,2
2025-04-12T19:27:48.676862,After partition 6,5.0,469.66015625,543.59765625,254.6,2
2025-04-12T19:27:50.689519,Before partition 7,0.0,469.66015625,543.59765625,256.6,2
2025-04-12T19:28:25.595382,After partition 7,11.9,469.66015625,543.59765625,291.5,2
2025-04-12T19:28:27.607405,Before partition 8,0.0,469.66015625,543.59765625,293.6,2
2025-04-12T19:29:09.085886,After partition 8,4.0,479.828125,546.10546875,335.0,2
2025-04-12T19:29:11.098288,Before partition 9,0.0,479.828125,546.10546875,337.0,2
2025-04-12T19:29:53.358237,After partition 9,3.0,470.12109375,546.10546875,379.3,2
2025-04-12T19:29:55.370516,End of training,0.0,470.12109375,546.10546875,381.3,2
2025-04-12T20:10:06.776530,Start of training,2.0,377.81640625,377.81640625,1.0,2
2025-04-12T20:10:08.787362,Before partition 1,0.0,377.81640625,377.81640625,3.0,2
2025-04-12T20:10:58.586523,After partition 1,0.0,493.02734375,569.70703125,52.8,2
2025-04-12T20:11:00.598532,Before partition 2,0.0,493.02734375,569.70703125,54.8,2
2025-04-12T20:12:13.967793,After partition 2,4.0,494.51171875,832.12109375,128.2,2
2025-04-12T20:12:15.980206,Before partition 3,0.0,494.51171875,832.12109375,130.2,2
2025-04-12T20:13:29.561487,After partition 3,1.0,495.2578125,861.4140625,203.8,2
2025-04-12T20:13:31.573842,Before partition 4,0.0,495.2578125,861.4140625,205.8,2
2025-04-12T20:14:44.781191,After partition 4,3.0,495.15234375,861.4140625,279.0,2
2025-04-12T20:14:46.793542,Before partition 5,0.0,495.15234375,861.4140625,281.0,2
2025-04-12T20:16:01.495508,After partition 5,3.0,495.5390625,861.4140625,355.7,2
2025-04-12T20:16:03.507518,Before partition 6,0.0,495.5390625,861.4140625,357.7,2
2025-04-12T20:16:51.139767,After partition 6,4.0,495.50390625,861.4140625,405.4,2
2025-04-12T20:16:53.151970,Before partition 7,0.0,495.50390625,861.4140625,407.4,2
2025-04-12T20:17:29.204447,After partition 7,11.9,519.37890625,861.4140625,443.4,2
2025-04-12T20:17:31.216649,Before partition 8,0.0,519.37890625,861.4140625,445.4,2
2025-04-12T20:18:44.355616,After partition 8,4.0,495.55078125,861.4140625,518.6,2
2025-04-12T20:18:46.367841,Before partition 9,0.0,495.55078125,861.4140625,520.6,2
2025-04-12T20:20:01.241825,After partition 9,2.0,495.84375,861.4140625,595.5,2
2025-04-12T20:20:03.252533,End of training,0.0,495.84375,861.4140625,597.5,2
2025-04-12T20:24:17.643650,Start of training,2.0,378.31640625,378.31640625,1.0,2
2025-04-12T20:24:19.655784,Before partition 1,0.0,378.31640625,378.31640625,3.0,2
2025-04-12T20:25:43.163216,After partition 1,0.0,467.9296875,787.15234375,86.5,2
2025-04-12T20:25:45.175265,Before partition 2,0.0,467.9296875,787.15234375,88.5,2
2025-04-12T20:28:20.904665,After partition 2,5.0,892.71484375,1213.00390625,244.3,2
2025-04-12T20:28:22.916764,Before partition 3,0.0,892.71484375,1213.00390625,246.3,2
2025-04-12T20:31:00.395227,After partition 3,2.0,892.875,1225.40234375,403.8,2
2025-04-12T20:31:02.406859,Before partition 4,0.0,892.875,1225.40234375,405.8,2
2025-04-12T20:33:37.474379,After partition 4,3.0,892.77734375,1253.06640625,560.8,2
2025-04-12T20:33:39.485961,Before partition 5,1.0,892.77734375,1253.06640625,562.9,2
2025-04-12T20:36:16.600978,After partition 5,4.0,893.1796875,1253.06640625,720.0,2
2025-04-12T20:36:18.612770,Before partition 6,0.0,893.1796875,1253.06640625,722.0,2
2025-04-12T20:37:37.637727,After partition 6,3.0,893.1796875,1253.06640625,801.0,2
2025-04-12T20:37:39.649778,Before partition 7,0.0,893.1796875,1253.06640625,803.0,2
2025-04-12T20:38:19.791730,After partition 7,11.9,893.1796875,1253.06640625,843.2,2
2025-04-12T20:38:21.804140,Before partition 8,0.0,893.1796875,1253.06640625,845.2,2
2025-04-12T20:40:56.082202,After partition 8,4.0,1045.3046875,1278.37890625,999.4,2
2025-04-12T20:40:58.094181,Before partition 9,0.0,1045.3046875,1278.37890625,1001.5,2
2025-04-12T20:43:36.611607,After partition 9,3.0,1061.33203125,1299.1796875,1160.0,2
2025-04-12T20:43:38.623444,End of training,0.0,1061.33203125,1299.1796875,1162.0,2
2025-04-12T21:26:43.421475,Start of training,1.0,378.125,378.125,1.0,2
2025-04-12T21:26:45.433829,Before partition 1,0.0,378.125,378.125,3.0,2
2025-04-12T21:28:08.410551,After partition 1,0.0,609.51171875,791.59765625,86.0,2
2025-04-12T21:28:10.420210,Before partition 2,0.0,609.51171875,791.59765625,88.0,2
2025-04-12T21:30:43.938141,After partition 2,2.0,612.04296875,1261.2578125,241.5,2
2025-04-12T21:30:45.949948,Before partition 3,0.0,612.04296875,1261.2578125,243.5,2
2025-04-12T21:33:21.166933,After partition 3,0.0,612.84765625,1261.2578125,398.8,2
2025-04-12T21:33:23.178722,Before partition 4,0.0,612.84765625,1261.2578125,400.8,2
2025-04-12T21:35:57.108792,After partition 4,4.0,1034.80859375,1263.2421875,554.7,2
2025-04-12T21:35:59.120541,Before partition 5,0.0,1034.80859375,1263.2421875,556.7,2
2025-04-12T21:38:35.951247,After partition 5,0.0,612.7890625,1263.2421875,713.5,2
2025-04-12T21:38:37.961387,Before partition 6,0.0,612.7890625,1263.2421875,715.5,2
2025-04-12T21:39:56.728840,After partition 6,3.0,691.5703125,1263.2421875,794.3,2
2025-04-12T21:39:58.741223,Before partition 7,0.0,691.5703125,1263.2421875,796.3,2
2025-04-12T21:40:38.790668,After partition 7,9.9,691.5703125,1263.2421875,836.4,2
2025-04-12T21:40:40.802739,Before partition 8,0.0,691.5703125,1263.2421875,838.4,2
2025-04-12T21:43:15.185623,After partition 8,0.0,691.8359375,1263.2421875,992.8,2
2025-04-12T21:43:17.197380,Before partition 9,0.0,691.8359375,1263.2421875,994.8,2
2025-04-12T21:45:54.794917,After partition 9,1.0,612.7578125,1263.2421875,1152.4,2
2025-04-12T21:45:56.807357,End of training,0.0,612.7578125,1263.2421875,1154.4,2
2025-04-12T21:49:43.113581,Start of training,2.0,378.99609375,378.99609375,1.0,2
2025-04-12T21:49:45.125839,Before partition 1,0.0,378.99609375,378.99609375,3.0,2
2025-04-12T21:50:34.857399,After partition 1,0.0,559.05078125,574.65625,52.8,2
2025-04-12T21:50:36.867889,Before partition 2,0.0,559.05078125,574.65625,54.8,2
2025-04-12T21:51:51.272155,After partition 2,3.0,556.984375,818.73046875,129.2,2
2025-04-12T21:51:53.284196,Before partition 3,0.0,556.984375,818.73046875,131.2,2
2025-04-12T21:53:08.228739,After partition 3,2.0,557.453125,851.4609375,206.1,2
2025-04-12T21:53:10.240866,Before partition 4,0.0,557.453125,851.4609375,208.1,2
2025-04-12T21:54:24.637317,After partition 4,3.0,557.53125,851.4609375,282.5,2
2025-04-12T21:54:26.649505,Before partition 5,0.0,557.53125,851.4609375,284.5,2
2025-04-12T21:55:42.517634,After partition 5,1.0,557.8828125,851.4609375,360.4,2
2025-04-12T21:55:44.529435,Before partition 6,0.0,557.8828125,851.4609375,362.4,2
2025-04-12T21:56:32.470031,After partition 6,4.0,557.65625,851.4609375,410.4,2
2025-04-12T21:56:34.482028,Before partition 7,0.0,557.65625,851.4609375,412.4,2
2025-04-12T21:57:10.580135,After partition 7,11.0,557.65625,851.4609375,448.5,2
2025-04-12T21:57:12.592508,Before partition 8,0.0,557.65625,851.4609375,450.5,2
2025-04-12T21:58:26.900957,After partition 8,2.0,557.828125,851.4609375,524.8,2
2025-04-12T21:58:28.913171,Before partition 9,0.0,557.828125,851.4609375,526.8,2
2025-04-12T21:59:44.648603,After partition 9,2.0,558.0546875,851.4609375,602.5,2
2025-04-12T21:59:46.660719,End of training,0.0,558.0546875,851.4609375,604.6,2
2025-04-12T22:01:55.122522,Start of training,2.0,377.95703125,377.95703125,1.0,2
2025-04-12T22:01:57.134816,Before partition 1,0.0,377.95703125,377.95703125,3.0,2
2025-04-12T22:02:37.029834,After partition 1,0.0,459.48046875,485.8046875,42.9,2
2025-04-12T22:02:39.041550,Before partition 2,0.0,459.48046875,485.8046875,44.9,2
2025-04-12T22:03:28.348120,After partition 2,3.0,461.6328125,635.90234375,94.2,2
2025-04-12T22:03:30.360361,Before partition 3,0.0,461.6328125,635.90234375,96.2,2
2025-04-12T22:04:20.287924,After partition 3,4.0,462.0859375,635.90234375,146.2,2
2025-04-12T22:04:22.300294,Before partition 4,0.0,462.0859375,635.90234375,148.2,2
2025-04-12T22:05:11.539391,After partition 4,2.0,462.03515625,635.90234375,197.4,2
2025-04-12T22:05:13.551417,Before partition 5,0.0,462.03515625,635.90234375,199.4,2
2025-04-12T22:06:03.635811,After partition 5,4.0,462.20703125,637.70703125,249.5,2
2025-04-12T22:06:05.648564,Before partition 6,0.0,462.20703125,637.70703125,251.5,2
2025-04-12T22:06:45.059531,After partition 6,4.0,525.6953125,637.70703125,290.9,2
2025-04-12T22:06:47.071598,Before partition 7,0.0,525.6953125,637.70703125,293.0,2
2025-04-12T22:07:22.202102,After partition 7,10.9,466.859375,637.70703125,328.1,2
2025-04-12T22:07:24.214451,Before partition 8,0.0,466.859375,637.70703125,330.1,2
2025-04-12T22:08:13.549042,After partition 8,3.0,462.0234375,648.2578125,379.4,2
2025-04-12T22:08:15.561480,Before partition 9,0.0,462.0234375,648.2578125,381.4,2
2025-04-12T22:09:05.842560,After partition 9,5.0,482.59765625,648.2578125,431.7,2
2025-04-12T22:09:07.854928,End of training,0.0,482.59765625,648.2578125,433.7,2
2025-04-12T22:09:59.913582,Start of training,2.0,378.328125,378.328125,1.0,2
2025-04-12T22:10:01.925754,Before partition 1,0.0,378.328125,378.328125,3.0,2
2025-04-12T22:10:40.359002,After partition 1,0.0,476.5390625,476.5390625,41.5,2
2025-04-12T22:10:42.370640,Before partition 2,0.0,476.5390625,476.5390625,43.5,2
2025-04-12T22:11:27.335612,After partition 2,5.0,488.69921875,589.09765625,88.4,2
2025-04-12T22:11:29.345406,Before partition 3,0.0,488.69921875,589.09765625,90.4,2
2025-04-12T22:12:14.872741,After partition 3,5.0,489.8828125,592.67578125,136.0,2
2025-04-12T22:12:16.885242,Before partition 4,0.0,489.8828125,592.67578125,138.0,2
2025-04-12T22:13:01.835409,After partition 4,5.0,478.9296875,592.67578125,182.9,2
2025-04-12T22:13:03.847644,Before partition 5,0.0,478.9296875,592.67578125,184.9,2
2025-04-12T22:13:49.391568,After partition 5,5.0,490.36328125,595.390625,230.5,2
2025-04-12T22:13:51.404015,Before partition 6,0.0,490.36328125,595.390625,232.5,2
2025-04-12T22:14:29.393399,After partition 6,5.0,478.77734375,595.390625,270.5,2
2025-04-12T22:14:31.403357,Before partition 7,0.0,478.77734375,595.390625,272.5,2
2025-04-12T22:15:06.569013,After partition 7,5.0,478.77734375,595.390625,307.7,2
2025-04-12T22:15:08.580707,Before partition 8,0.0,478.77734375,595.390625,309.7,2
2025-04-12T22:15:53.582949,After partition 8,5.0,525.83984375,600.8203125,354.7,2
2025-04-12T22:15:55.595012,Before partition 9,0.0,525.83984375,600.8203125,356.7,2
2025-04-12T22:16:41.421346,After partition 9,5.0,525.9765625,600.8203125,402.5,2
2025-04-12T22:16:43.432380,End of training,0.0,525.9765625,600.8203125,404.5,2
2025-04-12T22:17:23.045501,Start of training,2.0,378.06640625,378.06640625,1.0,2
2025-04-12T22:17:25.058154,Before partition 1,0.0,378.06640625,378.06640625,3.0,2
2025-04-12T22:18:04.906962,After partition 1,0.0,510.21875,510.21875,42.9,2
2025-04-12T22:18:06.919164,Before partition 2,1.0,510.21875,510.21875,44.9,2
2025-04-12T22:18:56.338725,After partition 2,4.0,510.85546875,645.66796875,94.3,2
2025-04-12T22:18:58.350375,Before partition 3,0.0,510.85546875,645.66796875,96.3,2
2025-04-12T22:19:48.305431,After partition 3,4.0,511.703125,645.66796875,146.3,2
2025-04-12T22:19:50.317389,Before partition 4,0.0,511.703125,645.66796875,148.3,2
2025-04-12T22:20:39.526895,After partition 4,5.0,511.5078125,645.66796875,197.5,2
2025-04-12T22:20:41.537828,Before partition 5,0.0,511.5078125,645.66796875,199.5,2
2025-04-12T22:21:32.544889,After partition 5,4.0,609.6171875,645.66796875,250.5,2
2025-04-12T22:21:34.556118,Before partition 6,0.0,609.6171875,645.66796875,252.5,2
2025-04-12T22:22:14.151586,After partition 6,5.0,525.8203125,645.66796875,292.1,2
2025-04-12T22:22:16.163837,Before partition 7,0.0,525.8203125,645.66796875,294.1,2
2025-04-12T22:22:51.490368,After partition 7,4.0,525.8203125,645.66796875,329.5,2
2025-04-12T22:22:53.502228,Before partition 8,0.0,525.8203125,645.66796875,331.5,2
2025-04-12T22:23:42.772364,After partition 8,6.0,527.44921875,645.66796875,380.7,2
2025-04-12T22:23:44.784323,Before partition 9,0.0,527.44921875,645.66796875,382.7,2
2025-04-12T22:24:35.074178,After partition 9,4.0,522.0703125,645.66796875,433.0,2
2025-04-12T22:24:37.086329,End of training,0.0,522.0703125,645.66796875,435.0,2
2025-04-12T22:24:45.859496,Start of training,3.0,377.96875,377.96875,1.0,2
2025-04-12T22:24:47.871737,Before partition 1,0.0,377.96875,377.96875,3.0,2
2025-04-12T22:25:27.747992,After partition 1,0.0,518.06640625,518.06640625,42.9,2
2025-04-12T22:25:29.760321,Before partition 2,0.0,518.06640625,518.06640625,44.9,2
2025-04-12T22:26:19.028659,After partition 2,4.0,581.77734375,650.23046875,94.2,2
2025-04-12T22:26:21.040714,Before partition 3,0.0,581.77734375,650.23046875,96.2,2
2025-04-12T22:27:10.824126,After partition 3,3.0,597.40234375,650.23046875,146.0,2
2025-04-12T22:27:12.833831,Before partition 4,0.0,597.40234375,650.23046875,148.0,2
2025-04-12T22:28:01.938102,After partition 4,5.0,582.6640625,650.23046875,197.1,2
2025-04-12T22:28:03.950512,Before partition 5,0.0,582.6640625,650.23046875,199.1,2
2025-04-12T22:28:53.982702,After partition 5,5.0,582.9765625,650.23046875,249.1,2
2025-04-12T22:28:55.995275,Before partition 6,0.0,582.9765625,650.23046875,251.1,2
2025-04-12T22:29:35.218048,After partition 6,5.0,582.9765625,650.23046875,290.4,2
2025-04-12T22:29:37.230213,Before partition 7,0.0,582.9765625,650.23046875,292.4,2
2025-04-12T22:30:12.473417,After partition 7,4.0,561.30859375,650.23046875,327.6,2
2025-04-12T22:30:14.485175,Before partition 8,0.0,561.30859375,650.23046875,329.6,2
2025-04-12T22:31:03.640632,After partition 8,5.0,561.13671875,650.23046875,378.8,2
2025-04-12T22:31:05.649766,Before partition 9,0.0,561.13671875,650.23046875,380.8,2
2025-04-12T22:31:55.858535,After partition 9,4.0,511.06640625,650.23046875,431.0,2
2025-04-12T22:31:57.870744,End of training,0.0,511.06640625,650.23046875,433.0,2
2025-04-12T22:34:54.265637,Start of training,2.0,378.36328125,378.36328125,1.0,2
2025-04-12T22:34:56.277653,Before partition 1,0.0,378.36328125,378.36328125,3.0,2
2025-04-12T22:35:37.811304,After partition 1,0.0,507.4296875,507.8125,44.6,2
2025-04-12T22:35:39.823459,Before partition 2,0.0,507.4296875,507.8125,46.6,2
2025-04-12T22:36:33.713909,After partition 2,3.0,502.8203125,692.41796875,100.5,2
2025-04-12T22:36:35.726173,Before partition 3,0.0,502.8203125,692.41796875,102.5,2
2025-04-12T22:37:30.232590,After partition 3,3.0,503.078125,692.41796875,157.0,2
2025-04-12T22:37:32.244661,Before partition 4,0.0,503.078125,692.41796875,159.0,2
2025-04-12T22:38:26.117517,After partition 4,5.0,502.96484375,700.6640625,212.9,2
2025-04-12T22:38:28.129851,Before partition 5,0.0,502.96484375,700.6640625,214.9,2
2025-04-12T22:39:22.794253,After partition 5,3.0,503.2109375,702.15234375,269.5,2
2025-04-12T22:39:24.806586,Before partition 6,0.0,503.2109375,702.15234375,271.5,2
2025-04-12T22:40:05.670782,After partition 6,4.0,503.1796875,702.15234375,312.4,2
2025-04-12T22:40:07.679627,Before partition 7,0.0,503.1796875,702.15234375,314.4,2
2025-04-12T22:40:43.017148,After partition 7,10.9,503.1796875,702.15234375,349.8,2
2025-04-12T22:40:45.029445,Before partition 8,0.0,503.1796875,702.15234375,351.8,2
2025-04-12T22:41:38.857956,After partition 8,4.0,503.4375,705.95703125,405.6,2
2025-04-12T22:41:40.870465,Before partition 9,0.0,503.4375,705.95703125,407.6,2
2025-04-12T22:42:35.772617,After partition 9,4.0,548.140625,705.95703125,462.5,2
2025-04-12T22:42:37.785129,End of training,0.0,548.140625,705.95703125,464.5,2
2025-04-12T22:43:03.905491,Start of training,1.0,378.17578125,378.17578125,1.0,2
2025-04-12T22:43:05.917718,Before partition 1,0.0,378.17578125,378.17578125,3.0,2
2025-04-12T22:43:45.705766,After partition 1,0.0,497.4921875,497.4921875,42.8,2
2025-04-12T22:43:47.718193,Before partition 2,0.0,497.4921875,497.4921875,44.8,2
2025-04-12T22:44:36.978565,After partition 2,4.0,493.4453125,629.58984375,94.1,2
2025-04-12T22:44:38.990699,Before partition 3,0.0,493.4453125,629.58984375,96.1,2
2025-04-12T22:45:28.941712,After partition 3,5.0,632.6484375,636.9296875,146.0,2
2025-04-12T22:45:30.954030,Before partition 4,0.0,632.6484375,636.9296875,148.1,2
2025-04-12T22:46:19.889307,After partition 4,4.0,636.40625,637.4296875,197.0,2
2025-04-12T22:46:21.901333,Before partition 5,0.0,636.40625,637.4296875,199.0,2
2025-04-12T22:47:11.600468,After partition 5,5.0,638.12890625,638.29296875,248.7,2
2025-04-12T22:47:13.612610,Before partition 6,0.0,638.12890625,638.29296875,250.7,2
2025-04-12T22:47:52.867318,After partition 6,5.0,638.12890625,638.29296875,290.0,2
2025-04-12T22:47:54.879250,Before partition 7,0.0,638.12890625,638.29296875,292.0,2
2025-04-12T22:48:30.048189,After partition 7,10.9,638.12890625,638.29296875,327.2,2
2025-04-12T22:48:32.060217,Before partition 8,1.0,638.12890625,638.29296875,329.2,2
2025-04-12T22:49:20.946494,After partition 8,3.0,493.66015625,646.75390625,378.1,2
2025-04-12T22:49:22.958182,Before partition 9,0.0,493.66015625,646.75390625,380.1,2
2025-04-12T22:50:13.094595,After partition 9,4.0,493.6640625,646.75390625,430.2,2
2025-04-12T22:50:15.105800,End of training,0.0,493.6640625,646.75390625,432.2,2
2025-04-12T22:50:33.080343,Start of training,2.0,378.0078125,378.0078125,1.0,2
2025-04-12T22:50:35.092919,Before partition 1,0.0,378.0078125,378.0078125,3.0,2
2025-04-12T22:51:15.060301,After partition 1,0.0,507.9921875,507.9921875,43.0,2
2025-04-12T22:51:17.072372,Before partition 2,0.0,507.9921875,507.9921875,45.0,2
2025-04-12T22:52:06.417434,After partition 2,4.0,509.2578125,636.078125,94.3,2
2025-04-12T22:52:08.429333,Before partition 3,0.0,509.2578125,636.078125,96.4,2
2025-04-12T22:52:58.527598,After partition 3,4.0,510.23828125,642.38671875,146.5,2
2025-04-12T22:53:00.537826,Before partition 4,0.0,510.23828125,642.38671875,148.5,2
2025-04-12T22:53:50.055803,After partition 4,6.0,550.5,644.42578125,198.0,2
2025-04-12T22:53:52.066370,Before partition 5,0.0,550.5,644.42578125,200.0,2
2025-04-12T22:54:42.945258,After partition 5,4.0,510.3046875,644.42578125,250.9,2
2025-04-12T22:54:44.953390,Before partition 6,0.0,510.3046875,644.42578125,252.9,2
2025-04-12T22:55:24.461202,After partition 6,5.0,529.1796875,644.42578125,292.4,2
2025-04-12T22:55:26.473432,Before partition 7,0.0,529.1796875,644.42578125,294.4,2
2025-04-12T22:56:01.732316,After partition 7,11.9,529.1796875,644.42578125,329.7,2
2025-04-12T22:56:03.744592,Before partition 8,0.0,529.1796875,644.42578125,331.7,2
2025-04-12T22:56:53.254484,After partition 8,3.0,520.2734375,644.42578125,381.2,2
2025-04-12T22:56:55.266164,Before partition 9,0.0,520.2734375,644.42578125,383.2,2
2025-04-12T22:57:46.374875,After partition 9,4.0,510.6171875,645.5,434.3,2
2025-04-12T22:57:48.387003,End of training,0.0,510.6171875,645.5,436.3,2
2025-04-13T00:06:38.474675,Start of training,1.0,377.26171875,377.26171875,1.0,2
2025-04-13T00:06:40.488678,Before partition 1,0.0,377.26171875,377.26171875,3.0,2
2025-04-13T00:06:43.188869,Fold 1 start,0.0,396.84765625,396.84765625,5.7,2
2025-04-13T00:06:56.366832,Fold 1 end,11.9,451.33984375,451.33984375,18.9,2
2025-04-13T00:06:58.379393,Fold 2 start,0.0,451.33984375,451.33984375,20.9,2
2025-04-13T00:07:11.417983,Fold 2 end,11.9,459.7265625,459.7265625,34.0,2
2025-04-13T00:07:13.430305,Fold 3 start,0.0,459.7265625,459.7265625,36.0,2
2025-04-13T00:07:26.296313,Fold 3 end,10.9,459.59765625,459.7265625,48.8,2
2025-04-13T00:07:28.308467,Fold 4 start,0.0,459.59765625,459.7265625,50.8,2
2025-04-13T00:07:41.181510,Fold 4 end,10.9,453.26171875,459.7265625,63.7,2
2025-04-13T00:07:43.194123,Fold 5 start,0.0,453.26171875,459.7265625,65.7,2
2025-04-13T00:07:56.108390,Fold 5 end,11.9,457.52734375,459.7265625,78.6,2
2025-04-13T00:07:58.121038,Evaluation start,0.0,457.52734375,459.7265625,80.7,2
2025-04-13T00:08:00.336560,Evaluation end,1.0,494.6796875,494.6796875,82.9,2
2025-04-13T00:08:02.432972,After partition 1,0.0,479.3125,494.6796875,85.0,2
2025-04-13T00:08:04.445366,Before partition 2,0.0,479.3125,494.6796875,87.0,2
2025-04-13T00:08:08.550106,Fold 1 start,0.0,480.5625,494.6796875,91.1,2
2025-04-13T00:08:26.243338,Fold 1 end,11.9,566.94140625,566.94140625,108.8,2
2025-04-13T00:08:28.255643,Fold 2 start,0.0,566.94140625,566.94140625,110.8,2
2025-04-13T00:08:46.057252,Fold 2 end,11.9,542.6875,566.94140625,128.6,2
2025-04-13T00:08:48.069369,Fold 3 start,0.0,542.6875,566.94140625,130.6,2
2025-04-13T00:09:07.137990,Fold 3 end,11.9,567.4375,567.4375,149.7,2
2025-04-13T00:09:09.150049,Fold 4 start,0.0,567.4375,567.4375,151.7,2
2025-04-13T00:09:27.408282,Fold 4 end,10.9,557.12109375,567.4375,169.9,2
2025-04-13T00:09:29.420725,Fold 5 start,0.0,557.12109375,567.4375,172.0,2
2025-04-13T00:09:47.494467,Fold 5 end,11.9,557.4453125,567.4375,190.0,2
2025-04-13T00:09:49.506465,Evaluation start,0.0,557.4453125,567.4375,192.0,2
2025-04-13T00:09:51.634478,Evaluation end,13.9,533.92578125,567.4375,194.2,2
2025-04-13T00:09:53.729664,After partition 2,0.0,533.92578125,567.4375,196.3,2
2025-04-13T00:09:55.742139,Before partition 3,0.0,533.92578125,567.4375,198.3,2
2025-04-13T00:10:00.086314,Fold 1 start,0.0,534.30078125,567.4375,202.6,2
2025-04-13T00:10:18.166331,Fold 1 end,11.9,534.5234375,567.4375,220.7,2
2025-04-13T00:10:20.178841,Fold 2 start,0.0,534.5234375,567.4375,222.7,2
2025-04-13T00:10:38.279457,Fold 2 end,11.9,534.4765625,567.4375,240.8,2
2025-04-13T00:10:40.291294,Fold 3 start,1.0,534.4765625,567.4375,242.8,2
2025-04-13T00:10:58.395937,Fold 3 end,11.9,534.4140625,567.4375,260.9,2
2025-04-13T00:11:00.407825,Fold 4 start,0.0,534.4140625,567.4375,262.9,2
2025-04-13T00:11:18.518916,Fold 4 end,11.9,534.5625,567.4375,281.1,2
2025-04-13T00:11:20.531233,Fold 5 start,0.0,534.5625,567.4375,283.1,2
2025-04-13T00:11:38.702150,Fold 5 end,11.9,534.515625,567.4375,301.2,2
2025-04-13T00:11:40.714795,Evaluation start,0.0,534.515625,567.4375,303.2,2
2025-04-13T00:11:42.845606,Evaluation end,12.9,534.515625,567.4375,305.4,2
2025-04-13T00:11:44.947894,After partition 3,0.0,534.515625,567.4375,307.5,2
2025-04-13T00:11:46.960074,Before partition 4,0.0,534.515625,567.4375,309.5,2
2025-04-13T00:11:51.088599,Fold 1 start,0.0,534.515625,567.4375,313.6,2
2025-04-13T00:12:08.449638,Fold 1 end,12.0,544.265625,567.4375,331.0,2
2025-04-13T00:12:10.461434,Fold 2 start,0.0,544.265625,567.4375,333.0,2
2025-04-13T00:12:27.888004,Fold 2 end,11.9,544.265625,567.4375,350.4,2
2025-04-13T00:12:29.900255,Fold 3 start,0.0,544.265625,567.4375,352.4,2
2025-04-13T00:12:47.199732,Fold 3 end,11.9,549.140625,567.4375,369.7,2
2025-04-13T00:12:49.212260,Fold 4 start,0.0,549.140625,567.4375,371.7,2
2025-04-13T00:13:06.615165,Fold 4 end,12.9,553.140625,567.4375,389.1,2
2025-04-13T00:13:08.627359,Fold 5 start,0.0,553.140625,567.4375,391.2,2
2025-04-13T00:13:26.126591,Fold 5 end,10.9,553.140625,567.4375,408.7,2
2025-04-13T00:13:28.139130,Evaluation start,1.0,553.140625,567.4375,410.7,2
2025-04-13T00:13:30.267503,Evaluation end,12.9,553.140625,567.4375,412.8,2
2025-04-13T00:13:32.371820,After partition 4,0.0,481.3671875,567.4375,414.9,2
2025-04-13T00:13:34.383832,Before partition 5,0.0,481.3671875,567.4375,416.9,2
2025-04-13T00:13:38.651576,Fold 1 start,0.0,481.3671875,567.4375,421.2,2
2025-04-13T00:13:59.809177,Fold 1 end,11.9,491.5390625,567.4375,442.3,2
2025-04-13T00:14:01.821529,Fold 2 start,0.0,491.5390625,567.4375,444.4,2
2025-04-13T00:14:23.043344,Fold 2 end,11.9,486.26171875,567.4375,465.6,2
2025-04-13T00:14:25.055130,Fold 3 start,0.0,486.26171875,567.4375,467.6,2
2025-04-13T00:14:46.033819,Fold 3 end,11.9,491.609375,567.4375,488.6,2
2025-04-13T00:14:48.046007,Fold 4 start,0.0,491.609375,567.4375,490.6,2
2025-04-13T00:15:09.065719,Fold 4 end,11.9,491.63671875,567.4375,511.6,2
2025-04-13T00:15:11.073433,Fold 5 start,0.0,491.63671875,567.4375,513.6,2
2025-04-13T00:15:32.338383,Fold 5 end,11.9,486.25,567.4375,534.9,2
2025-04-13T00:15:34.351135,Evaluation start,0.0,486.25,567.4375,536.9,2
2025-04-13T00:15:36.477226,Evaluation end,13.9,486.0234375,567.4375,539.0,2
2025-04-13T00:15:38.574477,After partition 5,0.0,486.0234375,567.4375,541.1,2
2025-04-13T00:15:40.586773,Before partition 6,0.0,486.0234375,567.4375,543.1,2
2025-04-13T00:15:43.179952,Fold 1 start,0.0,486.0234375,567.4375,545.7,2
2025-04-13T00:15:55.742663,Fold 1 end,11.9,500.5234375,567.4375,558.3,2
2025-04-13T00:15:57.754966,Fold 2 start,0.0,500.5234375,567.4375,560.3,2
2025-04-13T00:16:10.363757,Fold 2 end,11.0,503.8515625,567.4375,572.9,2
2025-04-13T00:16:12.376225,Fold 3 start,0.0,503.8515625,567.4375,574.9,2
2025-04-13T00:16:24.976700,Fold 3 end,11.9,508.8515625,567.4375,587.5,2
2025-04-13T00:16:26.988610,Fold 4 start,0.0,508.8515625,567.4375,589.5,2
2025-04-13T00:16:39.623477,Fold 4 end,12.9,505.62109375,567.4375,602.2,2
2025-04-13T00:16:41.635141,Fold 5 start,0.0,505.62109375,567.4375,604.2,2
2025-04-13T00:16:54.400865,Fold 5 end,10.9,506.91796875,567.4375,616.9,2
2025-04-13T00:16:56.413164,Evaluation start,0.0,506.91796875,567.4375,618.9,2
2025-04-13T00:16:58.504779,Evaluation end,12.9,506.91796875,567.4375,621.0,2
2025-04-13T00:17:00.624272,After partition 6,0.0,481.25,567.4375,623.2,2
2025-04-13T00:17:02.631602,Before partition 7,0.0,481.25,567.4375,625.2,2
2025-04-13T00:17:04.757243,Fold 1 start,0.0,481.25,567.4375,627.3,2
2025-04-13T00:17:15.329142,Fold 1 end,11.9,481.25,567.4375,637.9,2
2025-04-13T00:17:17.341218,Fold 2 start,0.0,481.25,567.4375,639.9,2
2025-04-13T00:17:27.929142,Fold 2 end,11.9,481.25,567.4375,650.5,2
2025-04-13T00:17:29.941281,Fold 3 start,0.0,481.25,567.4375,652.5,2
2025-04-13T00:17:40.518083,Fold 3 end,11.9,481.25,567.4375,663.1,2
2025-04-13T00:17:42.530190,Fold 4 start,0.0,481.25,567.4375,665.1,2
2025-04-13T00:17:53.121777,Fold 4 end,11.9,481.25,567.4375,675.7,2
2025-04-13T00:17:55.133955,Fold 5 start,0.0,481.25,567.4375,677.7,2
2025-04-13T00:18:05.737962,Fold 5 end,11.9,481.25,567.4375,688.3,2
2025-04-13T00:18:07.750597,Evaluation start,0.0,481.25,567.4375,690.3,2
2025-04-13T00:18:09.864156,Evaluation end,9.9,481.25,567.4375,692.4,2
2025-04-13T00:18:11.956828,After partition 7,0.0,481.25,567.4375,694.5,2
2025-04-13T00:18:13.969203,Before partition 8,0.0,481.25,567.4375,696.5,2
2025-04-13T00:18:18.085925,Fold 1 start,0.0,481.25,567.4375,700.6,2
2025-04-13T00:18:38.657292,Fold 1 end,11.9,486.265625,567.4375,721.2,2
2025-04-13T00:18:40.669731,Fold 2 start,0.0,486.265625,567.4375,723.2,2
2025-04-13T00:19:01.285247,Fold 2 end,11.9,481.40625,567.4375,743.8,2
2025-04-13T00:19:03.297580,Fold 3 start,0.0,481.40625,567.4375,745.8,2
2025-04-13T00:19:23.000602,Fold 3 end,11.9,500.92578125,567.4375,765.5,2
2025-04-13T00:19:25.012935,Fold 4 start,0.0,500.92578125,567.4375,767.5,2
2025-04-13T00:19:45.666569,Fold 4 end,11.9,486.359375,567.4375,788.2,2
2025-04-13T00:19:47.678831,Fold 5 start,0.0,486.359375,567.4375,790.2,2
2025-04-13T00:20:08.364363,Fold 5 end,10.9,481.5,567.4375,810.9,2
2025-04-13T00:20:10.377048,Evaluation start,0.0,481.5,567.4375,812.9,2
2025-04-13T00:20:12.505479,Evaluation end,13.9,495.625,567.4375,815.0,2
2025-04-13T00:20:14.605347,After partition 8,0.0,495.625,567.4375,817.1,2
2025-04-13T00:20:16.617526,Before partition 9,0.0,495.625,567.4375,819.2,2
2025-04-13T00:20:21.004998,Fold 1 start,0.0,495.625,567.4375,823.5,2
2025-04-13T00:20:42.250387,Fold 1 end,11.9,486.265625,567.4375,844.8,2
2025-04-13T00:20:44.262878,Fold 2 start,0.0,486.265625,567.4375,846.8,2
2025-04-13T00:21:05.609544,Fold 2 end,10.9,486.296875,567.4375,868.1,2
2025-04-13T00:21:07.621826,Fold 3 start,0.0,486.296875,567.4375,870.2,2
2025-04-13T00:21:28.943565,Fold 3 end,13.0,486.203125,567.4375,891.5,2
2025-04-13T00:21:30.955930,Fold 4 start,0.0,486.203125,567.4375,893.5,2
2025-04-13T00:21:52.092793,Fold 4 end,11.9,491.9453125,567.4375,914.6,2
2025-04-13T00:21:54.105021,Fold 5 start,0.0,491.9453125,567.4375,916.6,2
2025-04-13T00:22:15.373136,Fold 5 end,10.9,491.93359375,567.4375,937.9,2
2025-04-13T00:22:17.385494,Evaluation start,0.0,491.93359375,567.4375,939.9,2
2025-04-13T00:22:19.517716,Evaluation end,13.9,481.25390625,567.4375,942.1,2
2025-04-13T00:22:21.619615,After partition 9,0.0,481.25390625,567.4375,944.2,2
2025-04-13T00:22:23.630767,End,0.0,481.25390625,567.4375,946.2,2
2025-04-13T00:35:32.894591,Start of training,2.0,378.19140625,378.19140625,1.0,2
2025-04-13T00:35:34.906372,Before partition 1,0.0,378.19140625,378.19140625,3.0,2
2025-04-13T00:39:49.478603,Start of training,1.0,378.37109375,378.37109375,1.0,2
2025-04-13T00:39:51.490959,Before partition 1,0.0,378.37109375,378.37109375,3.0,2
2025-04-13T00:40:12.156929,After partition 1,0.0,505.59375,505.59375,23.7,2
2025-04-13T00:40:14.168944,Before partition 2,0.0,505.59375,505.59375,25.7,2
2025-04-13T00:41:57.791663,After partition 2,0.0,549.953125,549.953125,129.3,2
2025-04-13T00:41:59.803508,Before partition 3,0.0,549.953125,549.953125,131.3,2
2025-04-13T00:43:51.426409,After partition 3,0.0,751.02734375,751.02734375,243.0,2
2025-04-13T00:43:53.438663,Before partition 4,0.0,751.02734375,751.02734375,245.0,2
2025-04-13T00:45:55.598386,After partition 4,0.0,771.41015625,771.41015625,367.1,2
2025-04-13T00:45:57.610470,Before partition 5,0.0,771.41015625,771.41015625,369.1,2
2025-04-13T00:47:58.895420,After partition 5,0.0,743.3203125,771.41015625,490.4,2
2025-04-13T00:48:00.907184,Before partition 6,0.0,743.3203125,771.41015625,492.4,2
2025-04-13T00:48:19.726272,After partition 6,0.0,743.4453125,771.41015625,511.3,2
2025-04-13T00:48:21.737457,Before partition 7,0.0,743.4453125,771.41015625,513.3,2
2025-04-13T00:48:23.908922,After partition 7,9.9,743.4453125,771.41015625,515.4,2
2025-04-13T00:48:25.921340,Before partition 8,0.0,743.4453125,771.41015625,517.5,2
2025-04-13T00:50:14.119412,After partition 8,0.0,784.2109375,784.2109375,625.6,2
2025-04-13T00:50:16.131648,Before partition 9,0.0,784.2109375,784.2109375,627.7,2
2025-04-13T00:52:23.965171,After partition 9,0.0,745.94921875,784.2109375,755.5,2
2025-04-13T00:52:25.977030,End,0.0,745.94921875,784.2109375,757.5,2
2025-04-13T00:55:42.944593,Start of training,2.0,378.33984375,378.33984375,1.0,2
2025-04-13T00:55:44.956864,Before partition 1,0.0,378.33984375,378.33984375,3.0,2
2025-04-13T00:56:05.362665,After partition 1,0.0,517.1796875,517.1796875,23.4,2
2025-04-13T00:56:07.374980,Before partition 2,0.0,517.1796875,517.1796875,25.4,2
2025-04-13T00:58:02.519587,After partition 2,0.0,592.76171875,592.76171875,140.6,2
2025-04-13T00:58:04.531575,Before partition 3,0.0,592.76171875,592.76171875,142.6,2
2025-04-13T01:00:32.222316,After partition 3,1.0,581.38671875,592.76171875,290.3,2
2025-04-13T01:00:34.233018,Before partition 4,0.0,581.38671875,592.76171875,292.3,2
2025-04-13T01:02:17.747668,After partition 4,0.0,572.828125,592.76171875,395.8,2
2025-04-13T01:02:19.759929,Before partition 5,0.0,572.828125,592.76171875,397.8,2
2025-04-13T01:04:44.429262,After partition 5,0.0,573.984375,592.76171875,542.5,2
2025-04-13T01:04:46.441141,Before partition 6,0.0,573.984375,592.76171875,544.5,2
2025-04-13T01:05:05.089393,After partition 6,0.0,578.484375,592.76171875,563.2,2
2025-04-13T01:05:07.101228,Before partition 7,0.0,578.484375,592.76171875,565.2,2
2025-04-13T01:05:09.271815,After partition 7,9.9,578.484375,592.76171875,567.3,2
2025-04-13T01:05:11.283337,Before partition 8,0.0,578.484375,592.76171875,569.3,2
2025-04-13T01:07:13.939482,After partition 8,0.0,575.97265625,592.76171875,692.0,2
2025-04-13T01:07:15.951451,Before partition 9,0.0,575.97265625,592.76171875,694.0,2
2025-04-13T01:09:08.264304,After partition 9,0.0,811.36328125,811.36328125,806.3,2
2025-04-13T01:09:10.276460,End,0.0,811.36328125,811.36328125,808.3,2
2025-04-14T15:45:25.715756,Start of training,2.0,377.0,377.0,1.0,2
2025-04-14T15:45:27.729283,Before partition 1,0.0,377.0,377.0,3.0,2
2025-04-14T15:45:48.801628,After partition 1,0.0,516.5625,516.5625,24.1,2
2025-04-14T15:45:50.813957,Before partition 2,0.0,516.5625,516.5625,26.1,2
2025-04-14T15:47:45.956035,After partition 2,0.0,551.51171875,551.51171875,141.3,2
2025-04-14T15:47:47.966425,Before partition 3,0.0,551.51171875,551.51171875,143.3,2
2025-04-14T15:49:35.492203,After partition 3,0.0,553.51171875,553.51171875,250.8,2
2025-04-14T15:49:37.504630,Before partition 4,0.0,553.51171875,553.51171875,252.8,2
2025-04-14T15:51:36.335317,After partition 4,0.0,599.38671875,599.38671875,371.6,2
2025-04-14T15:51:38.345629,Before partition 5,0.0,599.38671875,599.38671875,373.6,2
2025-04-14T15:53:40.569420,After partition 5,0.0,555.62890625,599.38671875,495.9,2
2025-04-14T15:53:42.580809,Before partition 6,0.0,555.62890625,599.38671875,497.9,2
2025-04-14T15:54:01.147698,After partition 6,0.0,564.62890625,599.38671875,516.5,2
2025-04-14T15:54:03.159778,Before partition 7,0.0,564.62890625,599.38671875,518.5,2
2025-04-14T15:54:05.327049,After partition 7,9.9,564.62890625,599.38671875,520.6,2
2025-04-14T15:54:07.339164,Before partition 8,0.0,564.62890625,599.38671875,522.6,2
2025-04-14T15:55:51.420165,After partition 8,0.0,557.64453125,599.38671875,626.7,2
2025-04-14T15:55:53.432423,Before partition 9,0.0,557.64453125,599.38671875,628.7,2
2025-04-14T15:57:39.807247,After partition 9,0.0,815.234375,815.234375,735.1,2
2025-04-14T15:57:41.818918,End,0.0,815.234375,815.234375,737.1,2
2025-04-14T16:01:59.793386,Start of training,1.0,378.4765625,378.4765625,1.0,2
2025-04-14T16:02:01.805282,Before partition 1,0.0,378.4765625,378.4765625,3.0,2
2025-04-14T16:02:24.731378,After partition 1,1.0,503.5546875,503.5546875,25.9,2
2025-04-14T16:02:26.743391,Before partition 2,0.0,503.5546875,503.5546875,28.0,2
2025-04-14T16:04:07.299444,After partition 2,0.0,503.546875,503.5546875,128.5,2
2025-04-14T16:04:09.311666,Before partition 3,0.0,503.546875,503.5546875,130.5,2
2025-04-14T16:05:54.304290,After partition 3,0.0,542.61328125,542.61328125,235.5,2
2025-04-14T16:05:56.316430,Before partition 4,0.0,542.61328125,542.61328125,237.5,2
2025-04-14T16:07:35.305580,After partition 4,0.0,543.52734375,543.52734375,336.5,2
2025-04-14T16:07:37.317843,Before partition 5,0.0,543.52734375,543.52734375,338.5,2
2025-04-14T16:09:38.392080,After partition 5,0.0,544.49609375,544.49609375,459.6,2
2025-04-14T16:09:40.404330,Before partition 6,0.0,544.49609375,544.49609375,461.6,2
2025-04-14T16:09:59.374229,After partition 6,0.0,562.74609375,562.74609375,480.6,2
2025-04-14T16:10:01.386368,Before partition 7,0.0,562.74609375,562.74609375,482.6,2
2025-04-14T16:10:03.555113,After partition 7,9.9,562.74609375,562.74609375,484.8,2
2025-04-14T16:10:05.567373,Before partition 8,0.0,562.74609375,562.74609375,486.8,2
2025-04-14T16:11:50.343299,After partition 8,0.0,829.30859375,829.30859375,591.6,2
2025-04-14T16:11:52.355515,Before partition 9,0.0,829.30859375,829.30859375,593.6,2
2025-04-14T16:13:39.446061,After partition 9,0.0,829.99609375,829.99609375,700.7,2
2025-04-14T16:13:41.458182,End,0.0,829.99609375,829.99609375,702.7,2
2025-04-14T18:21:21.607330,Start of training,1.0,378.55859375,378.55859375,1.0,2
2025-04-14T18:21:23.619625,Before partition 1,0.0,378.55859375,378.55859375,3.0,2
2025-04-14T18:21:43.796958,After partition 1,0.0,501.6953125,501.6953125,23.2,2
2025-04-14T18:21:45.808984,Before partition 2,0.0,501.6953125,501.6953125,25.2,2
2025-04-14T18:23:25.599713,After partition 2,0.0,506.828125,506.828125,125.0,2
2025-04-14T18:23:27.611524,Before partition 3,0.0,506.828125,506.828125,127.0,2
2025-04-14T18:26:05.967322,After partition 3,1.0,527.51171875,527.51171875,285.4,2
2025-04-14T18:26:07.979235,Before partition 4,0.0,527.51171875,527.51171875,287.4,2
2025-04-14T18:27:49.456933,After partition 4,0.0,508.98046875,527.51171875,388.9,2
2025-04-14T18:27:51.468983,Before partition 5,0.0,508.98046875,527.51171875,390.9,2
2025-04-14T18:29:57.471004,After partition 5,0.0,707.64453125,707.64453125,516.9,2
2025-04-14T18:29:59.479798,Before partition 6,0.0,707.64453125,707.64453125,518.9,2
2025-04-14T18:30:18.363718,After partition 6,0.0,707.8984375,707.8984375,537.8,2
2025-04-14T18:30:20.374142,Before partition 7,0.0,707.8984375,707.8984375,539.8,2
2025-04-14T18:30:22.540204,After partition 7,9.9,707.8984375,707.8984375,541.9,2
2025-04-14T18:30:24.552268,Before partition 8,0.0,707.8984375,707.8984375,544.0,2
2025-04-14T18:32:24.054038,After partition 8,0.0,709.75390625,709.75390625,663.5,2
2025-04-14T18:32:26.066005,Before partition 9,0.0,709.75390625,709.75390625,665.5,2
2025-04-14T18:34:27.532625,After partition 9,0.0,710.30859375,710.30859375,786.9,2
2025-04-14T18:34:29.545131,End,0.0,710.30859375,710.30859375,788.9,2
2025-04-14T18:50:11.378192,Start of training,2.0,378.57421875,378.57421875,1.0,2
2025-04-14T18:50:13.390350,Before partition 1,0.0,378.57421875,378.57421875,3.0,2
2025-04-14T18:50:15.502506,Skipped partition 1,0.0,379.69921875,379.69921875,5.1,2
2025-04-14T18:50:17.514574,Before partition 2,0.0,379.69921875,379.69921875,7.1,2
2025-04-14T18:51:30.713039,Start of training,2.0,378.55078125,378.55078125,1.0,2
2025-04-14T18:51:32.725377,Before partition 1,0.0,378.55078125,378.55078125,3.0,2
2025-04-14T18:53:34.273020,After partition 1,0.0,680.125,680.125,124.6,2
2025-04-14T18:53:36.284728,Before partition 2,0.0,680.125,680.125,126.6,2
2025-04-14T18:56:47.478729,After partition 2,0.0,683.2421875,683.2421875,317.8,2
2025-04-14T18:56:49.491075,Before partition 3,0.0,683.2421875,683.2421875,319.8,2
2025-04-14T19:00:12.615794,After partition 3,0.0,929.58203125,929.58203125,522.9,2
2025-04-14T19:00:14.625591,Before partition 4,0.0,929.58203125,929.58203125,524.9,2
2025-04-14T19:03:27.167310,After partition 4,0.0,926.30078125,929.58203125,717.5,2
2025-04-14T19:03:29.179184,Before partition 5,0.0,926.30078125,929.58203125,719.5,2
2025-04-14T19:07:13.184284,After partition 5,0.0,926.99609375,929.58203125,943.5,2
2025-04-14T19:07:15.196391,Before partition 6,0.0,926.99609375,929.58203125,945.5,2
2025-04-14T19:09:16.504052,After partition 6,0.0,927.0,929.58203125,1066.8,2
2025-04-14T19:09:18.516141,Before partition 7,0.0,927.0,929.58203125,1068.8,2
2025-04-14T19:09:20.641575,Skipped partition 7,0.0,927.0,929.58203125,1070.9,2
2025-04-14T19:09:22.653801,Before partition 8,0.0,927.0,929.58203125,1072.9,2
2025-04-14T19:12:43.206008,After partition 8,0.0,967.859375,967.859375,1273.5,2
2025-04-14T19:12:45.218285,Before partition 9,0.0,967.859375,967.859375,1275.5,2
2025-04-14T19:16:28.814529,After partition 9,0.0,974.76953125,974.76953125,1499.1,2
2025-04-14T19:16:30.827025,End,0.0,974.76953125,974.76953125,1501.1,2
2025-04-14T19:26:05.759322,Start of training,2.0,379.0078125,379.0078125,1.0,2
2025-04-14T19:26:07.771598,Before partition 1,0.0,379.0078125,379.0078125,3.0,2
2025-04-14T19:28:29.308458,After partition 1,0.0,575.546875,575.546875,144.6,2
2025-04-14T19:28:31.320760,Before partition 2,0.0,575.546875,575.546875,146.6,2
2025-04-14T19:32:20.224553,After partition 2,0.0,537.453125,575.546875,375.5,2
2025-04-14T19:32:22.236491,Before partition 3,0.0,537.453125,575.546875,377.5,2
2025-04-14T19:36:40.145390,After partition 3,0.0,537.953125,575.546875,635.4,2
2025-04-14T19:36:42.157617,Before partition 4,0.0,537.953125,575.546875,637.4,2
2025-04-14T19:40:45.300499,After partition 4,0.0,539.09375,575.546875,880.5,2
2025-04-14T19:40:47.313016,Before partition 5,0.0,539.09375,575.546875,882.6,2
2025-04-14T19:44:34.111596,After partition 5,0.0,866.62109375,866.62109375,1109.4,2
2025-04-14T19:44:36.123331,Before partition 6,0.0,866.62109375,866.62109375,1111.4,2
2025-04-14T19:46:36.932247,After partition 6,0.0,539.25,866.62109375,1232.2,2
2025-04-14T19:46:38.944273,Before partition 7,0.0,539.25,866.62109375,1234.2,2
2025-04-14T19:46:41.049001,Skipped partition 7,0.0,539.25,866.62109375,1236.3,2
2025-04-14T19:46:43.061025,Before partition 8,0.0,539.25,866.62109375,1238.3,2
2025-04-14T19:50:45.594164,After partition 8,0.0,541.6640625,866.62109375,1480.8,2
2025-04-14T19:50:47.606330,Before partition 9,0.0,541.6640625,866.62109375,1482.9,2
2025-04-14T19:55:01.742038,After partition 9,0.0,542.01171875,866.62109375,1737.0,2
2025-04-14T19:55:03.754418,End,0.0,542.01171875,866.62109375,1739.0,2
2025-04-14T21:15:57.378198,Start of training,1.0,378.9140625,378.9140625,1.0,2
2025-04-14T21:15:59.390842,Before partition 1,0.0,378.9140625,378.9140625,3.0,2
2025-04-14T21:18:02.548402,After partition 1,0.0,523.35546875,523.35546875,126.2,2
2025-04-14T21:18:04.560541,Before partition 2,0.0,523.35546875,523.35546875,128.2,2
2025-04-14T21:21:42.541102,After partition 2,0.0,530.359375,530.359375,346.2,2
2025-04-14T21:21:44.553196,Before partition 3,0.0,530.359375,530.359375,348.2,2
2025-04-14T21:25:48.307846,After partition 3,0.0,1030.69921875,1030.69921875,591.9,2
2025-04-14T21:25:50.319821,Before partition 4,0.0,1030.69921875,1030.69921875,593.9,2
2025-04-14T21:29:08.648472,After partition 4,0.0,1031.96875,1031.96875,792.3,2
2025-04-14T21:29:10.660662,Before partition 5,0.0,1031.96875,1031.96875,794.3,2
2025-04-14T21:32:47.349227,After partition 5,0.0,1048.22265625,1048.22265625,1011.0,2
2025-04-14T21:32:49.360367,Before partition 6,0.0,1048.22265625,1048.22265625,1013.0,2
2025-04-14T21:34:54.795221,After partition 6,0.0,1048.22265625,1048.22265625,1138.4,2
2025-04-14T21:34:56.805976,Before partition 7,0.0,1048.22265625,1048.22265625,1140.4,2
2025-04-14T21:34:58.929174,Skipped partition 7,0.0,1048.22265625,1048.22265625,1142.6,2
2025-04-14T21:35:00.940778,Before partition 8,0.0,1048.22265625,1048.22265625,1144.6,2
2025-04-14T21:38:33.589782,After partition 8,0.0,1053.859375,1053.859375,1357.2,2
2025-04-14T21:38:35.601835,Before partition 9,0.0,1053.859375,1053.859375,1359.2,2
2025-04-14T21:41:51.484038,After partition 9,0.0,1054.29296875,1054.29296875,1555.1,2
2025-04-14T21:41:53.495032,End,0.0,1054.29296875,1054.29296875,1557.1,2
2025-04-16T10:19:14.889030,Start of training,1.0,378.69140625,378.69140625,1.0,2
2025-04-16T10:19:16.903073,Before partition 1,0.0,378.69140625,378.69140625,3.0,2
2025-04-16T10:21:22.772310,After partition 1,0.0,523.7265625,523.7265625,128.9,2
2025-04-16T10:21:24.784327,Before partition 2,0.0,523.7265625,523.7265625,130.9,2
2025-04-16T10:24:39.183298,After partition 2,0.0,1072.30078125,1072.30078125,325.3,2
2025-04-16T10:24:41.195518,Before partition 3,0.0,1072.30078125,1072.30078125,327.3,2
2025-04-16T10:27:59.144468,After partition 3,0.0,1051.75,1072.30078125,525.3,2
2025-04-16T10:28:01.155295,Before partition 4,0.0,1051.75,1072.30078125,527.3,2
2025-04-16T13:17:18.083912,Start of training,1.0,379.1171875,379.1171875,1.0,2
2025-04-16T13:17:20.097409,Before partition 1,0.0,379.1171875,379.1171875,3.0,2
2025-04-16T13:19:44.512171,After partition 1,0.0,555.51171875,555.51171875,147.4,2
2025-04-16T13:19:46.524099,Before partition 2,0.0,555.51171875,555.51171875,149.4,2
2025-04-16T13:23:02.791233,After partition 2,0.0,552.5,555.51171875,345.7,2
2025-04-16T13:23:04.802982,Before partition 3,0.0,552.5,555.51171875,347.7,2
2025-04-16T13:27:08.863775,After partition 3,0.0,553.3515625,555.51171875,591.8,2
2025-04-16T13:27:10.875770,Before partition 4,0.0,553.3515625,555.51171875,593.8,2
2025-04-16T13:30:26.431666,After partition 4,0.0,554.2734375,555.51171875,789.4,2
2025-04-16T13:30:28.443539,Before partition 5,0.0,554.2734375,555.51171875,791.4,2
2025-04-16T13:34:36.769625,After partition 5,0.0,617.28125,617.28125,1039.7,2
2025-04-16T13:34:38.781868,Before partition 6,0.0,617.28125,617.28125,1041.7,2
2025-04-16T13:37:01.174799,After partition 6,0.0,621.3671875,621.3671875,1184.1,2
2025-04-16T13:37:03.186853,Before partition 7,0.0,621.3671875,621.3671875,1186.1,2
2025-04-16T13:37:05.314144,Skipped partition 7,0.0,621.3671875,621.3671875,1188.2,2
2025-04-16T13:37:07.326717,Before partition 8,0.0,621.3671875,621.3671875,1190.3,2
2025-04-16T13:41:08.321837,After partition 8,0.0,619.73046875,621.3671875,1431.2,2
2025-04-16T13:41:10.333907,Before partition 9,0.0,619.73046875,621.3671875,1433.3,2
2025-04-16T13:44:47.321751,After partition 9,0.0,771.05859375,771.05859375,1650.2,2
2025-04-16T13:44:49.333467,End,0.0,771.05859375,771.05859375,1652.3,2
2025-04-17T11:34:50.689355,Start of training,1.0,377.88671875,377.88671875,1.0,2
2025-04-17T11:34:52.702623,Before partition 1,0.0,377.88671875,377.88671875,3.0,2
2025-04-17T11:36:55.209570,After partition 1,0.0,523.859375,523.859375,125.5,2
2025-04-17T11:36:57.220569,Before partition 2,0.0,523.859375,523.859375,127.6,2
2025-04-17T11:42:17.772798,After partition 2,0.0,505.1328125,523.859375,448.1,2
2025-04-17T11:42:19.784884,Before partition 3,0.0,505.1328125,523.859375,450.1,2
2025-04-17T11:46:21.980453,After partition 3,0.0,680.05859375,680.05859375,692.3,2
2025-04-17T11:46:23.992352,Before partition 4,0.0,680.05859375,680.05859375,694.3,2
2025-04-17T11:49:41.501976,After partition 4,0.0,676.9921875,680.05859375,891.8,2
2025-04-17T11:49:43.513986,Before partition 5,0.0,676.9921875,680.05859375,893.8,2
2025-04-17T11:53:48.806868,After partition 5,0.0,693.66796875,693.66796875,1139.1,2
2025-04-17T11:53:50.818626,Before partition 6,0.0,693.66796875,693.66796875,1141.2,2
2025-04-17T11:55:54.465287,After partition 6,0.0,678.015625,693.66796875,1264.8,2
2025-04-17T11:55:56.477463,Before partition 7,0.0,678.015625,693.66796875,1266.8,2
2025-04-17T11:55:58.608800,Skipped partition 7,0.0,678.015625,693.66796875,1268.9,2
2025-04-17T11:56:00.621302,Before partition 8,0.0,678.015625,693.66796875,1271.0,2
2025-04-17T12:00:36.361133,After partition 8,0.0,699.08984375,699.08984375,1546.7,2
2025-04-17T12:00:38.373844,Before partition 9,0.0,699.08984375,699.08984375,1548.7,2
2025-04-17T12:04:29.883808,After partition 9,0.0,788.390625,788.390625,1780.2,2
2025-04-17T12:04:31.895849,End,0.0,788.390625,788.390625,1782.2,2
2025-04-17T18:58:29.504394,Start of training,1.0,377.890625,377.890625,1.0,2
2025-04-17T18:58:31.518550,Before partition 1,0.0,377.890625,377.890625,3.0,2
2025-04-17T19:01:10.207871,After partition 1,1.0,558.6015625,558.6015625,161.7,2
2025-04-17T19:01:12.219943,Before partition 2,0.0,558.6015625,558.6015625,163.7,2
2025-04-17T19:04:38.799715,After partition 2,0.0,534.8984375,558.6015625,370.3,2
2025-04-17T19:04:40.811974,Before partition 3,0.0,534.8984375,558.6015625,372.3,2
2025-04-17T19:09:00.283565,After partition 3,0.0,535.5859375,558.6015625,631.8,2
2025-04-17T19:09:02.295614,Before partition 4,0.0,535.5859375,558.6015625,633.8,2
2025-04-17T19:13:36.311857,After partition 4,0.0,536.35546875,558.6015625,907.8,2
2025-04-17T19:13:38.324076,Before partition 5,0.0,536.35546875,558.6015625,909.8,2
2025-04-17T19:16:49.469969,After partition 5,0.0,929.10546875,929.10546875,1101.0,2
2025-04-17T19:16:51.481818,Before partition 6,0.0,929.10546875,929.10546875,1103.0,2
2025-04-17T19:19:07.323310,After partition 6,0.0,929.35546875,929.35546875,1238.8,2
2025-04-17T19:19:09.335146,Before partition 7,0.0,929.35546875,929.35546875,1240.8,2
2025-04-17T19:19:11.461424,Skipped partition 7,0.0,929.35546875,929.35546875,1243.0,2
2025-04-17T19:19:13.472475,Before partition 8,0.0,929.35546875,929.35546875,1245.0,2
2025-04-17T19:23:13.219315,After partition 8,0.0,897.40234375,929.35546875,1484.7,2
2025-04-17T19:23:15.230983,Before partition 9,0.0,897.40234375,929.35546875,1486.7,2
2025-04-17T19:26:26.695409,After partition 9,0.0,897.46484375,929.35546875,1678.2,2
2025-04-17T19:26:28.707620,End,0.0,897.46484375,929.35546875,1680.2,2
2025-04-17T19:41:08.699995,Start of training,2.0,390.4375,390.4375,1.0,2
2025-04-17T19:41:10.707580,Before partition 1,0.0,390.4375,390.4375,3.0,2
2025-04-17T19:41:56.697114,Before partition 2,0.0,851.35546875,851.35546875,49.0,2
2025-04-17T19:42:56.741770,Before partition 3,0.0,833.10546875,851.35546875,109.1,2
2025-04-17T19:44:02.624669,Before partition 4,0.0,814.99609375,851.35546875,174.9,2
2025-04-17T19:45:04.411071,Before partition 5,0.0,816.921875,851.35546875,236.7,2
2025-04-17T19:46:54.136621,Before partition 6,0.0,817.37109375,851.35546875,346.4,2
2025-04-17T19:47:52.786565,Before partition 7,0.0,848.046875,851.35546875,405.1,2
2025-04-17T19:47:54.890379,Before partition 8,0.0,848.046875,851.35546875,407.2,2
2025-04-17T19:49:10.601148,Before partition 9,0.0,817.515625,851.35546875,482.9,2
2025-04-17T19:51:09.566612,End,0.0,894.27734375,894.27734375,601.9,2
2025-04-17T19:51:22.012161,Start of training,1.0,391.01953125,391.01953125,1.0,2
2025-04-17T19:51:24.023927,Before partition 1,0.0,391.01953125,391.01953125,3.0,2
2025-04-17T19:52:16.478587,Before partition 2,17.9,663.39453125,663.39453125,55.5,2
2025-04-17T19:53:15.991411,Before partition 3,14.9,590.0078125,663.39453125,115.0,2
2025-04-17T19:54:25.357750,Before partition 4,17.9,799.58984375,799.58984375,184.4,2
2025-04-17T19:55:25.599414,Before partition 5,16.9,766.72265625,799.58984375,244.6,2
2025-04-17T19:57:04.396856,Before partition 6,15.9,687.11328125,799.58984375,343.4,2
2025-04-17T19:58:03.706009,After partition 6,8.0,721.26171875,799.58984375,402.7,2
2025-04-17T19:58:05.718108,Before partition 7,0.0,721.26171875,799.58984375,404.7,2
2025-04-17T19:58:07.830561,Before partition 8,0.0,721.26171875,799.58984375,406.8,2
2025-04-17T19:59:16.305958,Before partition 9,15.9,684.22265625,799.58984375,475.3,2
2025-04-17T20:01:14.238017,End,0.0,858.43359375,858.43359375,593.2,2
2025-04-17T20:15:03.001542,Start of training,2.0,390.82421875,390.82421875,1.0,2
2025-04-17T20:15:05.013266,Before partition 1,0.0,390.82421875,390.82421875,3.0,2
2025-04-17T20:16:12.272595,After partition 1,9.0,499.87890625,499.87890625,70.3,2
2025-04-17T20:16:14.284690,Before partition 2,0.0,499.87890625,499.87890625,72.3,2
2025-04-17T20:17:13.854623,After partition 2,4.0,500.87890625,500.87890625,131.9,2
2025-04-17T20:17:15.866507,Before partition 3,0.0,500.87890625,500.87890625,133.9,2
2025-04-17T20:19:05.451769,After partition 3,6.0,501.609375,501.609375,243.5,2
2025-04-17T20:19:07.463723,Before partition 4,0.0,501.609375,501.609375,245.5,2
2025-04-17T20:20:06.940909,After partition 4,6.0,596.9765625,596.9765625,304.9,2
2025-04-17T20:20:08.952539,Before partition 5,0.0,596.9765625,596.9765625,307.0,2
2025-04-17T20:21:45.737082,After partition 5,9.0,898.859375,898.859375,403.7,2
2025-04-17T20:21:47.748949,Before partition 6,1.0,898.859375,898.859375,405.8,2
2025-04-17T20:22:37.157012,After partition 6,9.0,502.7890625,898.859375,455.2,2
2025-04-17T20:22:39.168698,Before partition 7,0.0,502.7890625,898.859375,457.2,2
2025-04-17T20:22:41.265967,Before partition 8,0.0,502.7890625,898.859375,459.3,2
2025-04-17T20:24:26.811583,After partition 8,4.0,502.765625,898.859375,564.8,2
2025-04-17T20:24:28.823320,Before partition 9,0.0,502.765625,898.859375,566.8,2
2025-04-17T20:26:18.426386,After partition 9,9.0,827.6328125,898.859375,676.4,2
2025-04-17T20:26:20.955570,End,0.0,861.109375,898.859375,679.0,2
2025-04-18T10:01:02.576407,Start of training,1.0,401.4453125,401.4453125,1.0,2
2025-04-18T10:01:04.589358,Before partition 1,0.0,401.4453125,401.4453125,3.0,2
2025-04-18T10:01:06.601121,Before partition 2,0.0,401.4453125,401.4453125,5.0,2
2025-04-18T10:01:08.611992,Before partition 3,0.0,401.4453125,401.4453125,7.1,2
2025-04-18T10:01:10.624141,Before partition 4,0.0,401.4453125,401.4453125,9.1,2
2025-04-18T10:02:12.120474,Start of training,2.0,403.00390625,403.00390625,1.0,2
2025-04-18T10:02:14.132174,Before partition 1,0.0,403.00390625,403.00390625,3.0,2
2025-04-18T10:02:37.082599,Before partition 2,18.9,439.01953125,439.01953125,26.0,2
2025-04-18T10:03:00.021100,Before partition 3,18.9,452.14453125,452.14453125,48.9,2
2025-04-18T10:03:26.523795,Before partition 4,18.9,464.0234375,464.0234375,75.4,2
2025-04-18T10:03:49.337140,Before partition 5,18.9,464.6953125,464.6953125,98.2,2
2025-04-18T10:04:30.494343,Before partition 6,17.9,464.7578125,464.7578125,139.4,2
2025-04-18T10:04:52.943142,Before partition 7,18.9,502.21875,502.21875,161.8,2
2025-04-18T10:04:55.055767,Before partition 8,0.0,502.21875,502.21875,163.9,2
2025-04-18T10:05:17.953388,Before partition 9,18.9,502.234375,502.234375,186.8,2
2025-04-18T10:06:02.720160,End,18.9,502.2890625,502.2890625,231.6,2
2025-04-18T10:16:31.671683,Start of training,2.0,401.8125,401.8125,1.0,2
2025-04-18T10:16:33.683801,Before partition 1,0.0,401.8125,401.8125,3.0,2
2025-04-18T10:16:56.644706,Before partition 2,18.9,441.68359375,441.68359375,26.0,2
2025-04-18T10:18:45.463113,After partition 2,7.0,875.984375,875.984375,134.8,2
2025-04-18T10:18:47.474303,Before partition 3,0.0,875.984375,875.984375,136.8,2
2025-04-18T10:19:57.799165,After partition 3,6.0,876.5078125,876.5078125,207.1,2
2025-04-18T10:19:59.810876,Before partition 4,0.0,876.5078125,876.5078125,209.1,2
2025-04-18T10:21:00.186082,After partition 4,9.0,876.39453125,876.5078125,269.5,2
2025-04-18T10:21:02.194525,Before partition 5,0.0,876.39453125,876.5078125,271.5,2
2025-04-18T10:21:44.166600,Before partition 6,19.9,876.39453125,876.5078125,313.5,2
2025-04-18T10:22:06.824872,Before partition 7,17.9,876.51953125,876.51953125,336.2,2
2025-04-18T10:22:08.962133,Before partition 8,11.9,876.51953125,876.51953125,338.3,2
2025-04-18T10:23:21.082695,After partition 8,8.0,876.73828125,876.73828125,410.4,2
2025-04-18T10:23:23.094578,Before partition 9,0.0,876.73828125,876.73828125,412.4,2
2025-04-18T10:24:08.527709,End,0.0,876.98828125,876.98828125,457.9,2
2025-04-18T10:39:29.226175,Start of training,1.0,405.89453125,405.89453125,1.0,2
2025-04-18T10:39:31.238140,Before partition 1,0.0,405.89453125,405.89453125,3.0,2
2025-04-18T10:39:36.196189,Before partition 2,18.9,433.82421875,433.82421875,8.0,2
2025-04-18T10:40:34.446585,After partition 2,8.0,834.390625,834.390625,66.2,2
2025-04-18T10:40:36.458161,Before partition 3,0.0,834.390625,834.390625,68.2,2
2025-04-18T10:41:43.306030,After partition 3,9.9,1069.69921875,1069.69921875,135.1,2
2025-04-18T10:41:45.317759,Before partition 4,0.0,1069.69921875,1069.69921875,137.1,2
2025-04-18T10:42:43.674270,After partition 4,9.0,1050.6953125,1069.69921875,195.5,2
2025-04-18T10:42:45.685742,Before partition 5,0.0,1050.6953125,1069.69921875,197.5,2
2025-04-18T10:43:26.982139,Before partition 6,20.9,1050.6953125,1069.69921875,238.8,2
2025-04-18T10:43:31.691294,Before partition 7,20.9,1050.8203125,1069.69921875,243.5,2
2025-04-18T10:43:33.788264,Before partition 8,0.0,1050.8203125,1069.69921875,245.6,2
2025-04-18T10:45:18.647445,After partition 8,9.9,1051.6328125,1069.69921875,350.4,2
2025-04-18T10:45:20.659493,Before partition 9,0.0,1051.6328125,1069.69921875,352.4,2
2025-04-18T10:46:05.569487,End,0.0,1051.76171875,1069.69921875,397.4,2
2025-04-18T10:56:16.801968,Start of training,1.0,411.91796875,411.91796875,1.0,2
2025-04-18T10:56:18.810206,Before partition 1,0.0,411.91796875,411.91796875,3.0,2
2025-04-18T10:56:40.261174,Before partition 2,1.0,437.5546875,437.5546875,24.5,2
2025-04-18T10:57:38.997261,After partition 2,19.0,1020.51953125,1020.51953125,83.2,2
2025-04-18T10:57:41.104329,Before partition 3,0.0,962.0703125,1020.51953125,85.3,2
2025-04-18T10:59:33.100169,After partition 3,16.9,969.875,1020.51953125,197.3,2
2025-04-18T10:59:35.206168,Before partition 4,0.0,969.875,1020.51953125,199.4,2
2025-04-18T11:00:36.836721,After partition 4,18.9,1139.60546875,1139.60546875,261.0,2
2025-04-18T11:00:38.952500,Before partition 5,0.0,970.98046875,1139.60546875,263.2,2
2025-04-18T11:02:01.437817,Before partition 6,0.0,971.98046875,1139.60546875,345.6,2
2025-04-18T11:02:23.081011,Before partition 7,0.0,969.00390625,1139.60546875,367.3,2
2025-04-18T11:02:34.885196,Before partition 8,0.0,969.37890625,1139.60546875,379.1,2
2025-04-18T11:04:21.624192,After partition 8,18.9,969.2578125,1139.60546875,485.8,2
2025-04-18T11:04:23.725048,Before partition 9,1.0,969.2578125,1139.60546875,487.9,2
2025-04-18T11:05:52.307947,End,0.0,970.3828125,1139.60546875,576.5,2
2025-04-18T11:44:23.933129,Start of training,2.0,412.58203125,412.58203125,1.0,2
2025-04-18T11:44:25.945416,Before partition 1,0.0,412.58203125,412.58203125,3.0,2
2025-04-18T11:45:17.574484,Before partition 2,10.9,457.8671875,457.8671875,54.7,2
2025-04-18T11:46:15.669092,After partition 2,18.9,1027.2734375,1027.2734375,112.7,2
2025-04-18T11:46:17.788180,Before partition 3,0.0,948.21484375,1027.2734375,114.9,2
2025-04-18T11:47:21.727756,After partition 3,18.9,1123.85546875,1123.85546875,178.8,2
2025-04-18T11:47:23.843506,Before partition 4,0.0,948.19921875,1123.85546875,180.9,2
2025-04-18T11:48:23.894714,After partition 4,17.9,950.23046875,1123.85546875,241.0,2
2025-04-18T11:48:26.007180,Before partition 5,0.0,950.23046875,1123.85546875,243.1,2
2025-04-18T11:49:07.668234,Before partition 6,11.9,950.85546875,1123.85546875,284.7,2
2025-04-18T11:49:58.868237,Before partition 7,10.9,950.85546875,1123.85546875,335.9,2
2025-04-18T11:50:17.551224,Before partition 8,10.9,951.1015625,1123.85546875,354.6,2
2025-04-18T11:51:26.073196,After partition 8,17.9,1185.3125,1185.3125,423.1,2
2025-04-18T11:51:28.197176,Before partition 9,0.0,951.08984375,1185.3125,425.3,2
2025-04-18T11:52:15.573211,End,0.0,951.21875,1185.3125,472.6,2
2025-04-18T11:53:48.850120,Start of training,1.0,411.65234375,411.65234375,1.0,2
2025-04-18T11:53:50.862222,Before partition 1,0.0,411.65234375,411.65234375,3.0,2
2025-04-18T11:53:56.881217,Before partition 2,0.0,442.49609375,442.49609375,9.0,2
2025-04-18T11:54:02.354746,Before partition 3,0.0,444.83203125,444.83203125,14.5,2
2025-04-18T11:54:08.086982,Before partition 4,0.0,444.92578125,444.92578125,20.2,2
2025-04-18T11:54:13.622144,Before partition 5,0.0,445.0078125,445.0078125,25.8,2
2025-04-18T11:54:19.183826,Before partition 6,0.0,446.0078125,446.0078125,31.3,2
2025-04-18T11:54:25.223493,Before partition 7,1.0,446.078125,446.078125,37.4,2
2025-04-18T11:54:30.545131,Before partition 8,0.0,446.34375,446.34375,42.7,2
2025-04-18T11:54:36.152170,Before partition 9,0.0,446.390625,446.390625,48.3,2
2025-04-18T11:54:41.784256,End,0.0,446.390625,446.390625,53.9,2
2025-04-18T11:57:21.068060,Start of training,1.0,411.765625,411.765625,1.0,2
2025-04-18T11:57:23.080003,Before partition 1,0.0,411.765625,411.765625,3.0,2
2025-04-18T11:57:51.970528,After partition 1,18.9,767.796875,767.796875,31.9,2
2025-04-18T11:57:54.086358,Before partition 2,0.0,621.61328125,767.796875,34.0,2
2025-04-18T11:58:37.248179,After partition 2,16.9,626.3203125,767.796875,77.2,2
2025-04-18T11:58:39.345273,Before partition 3,0.0,626.3203125,767.796875,79.3,2
2025-04-18T11:59:33.966312,After partition 3,19.9,900.88671875,900.88671875,133.9,2
2025-04-18T11:59:36.066214,Before partition 4,0.0,900.88671875,900.88671875,136.0,2
2025-04-18T12:00:15.636066,After partition 4,18.9,922.58984375,922.58984375,175.6,2
2025-04-18T12:00:17.736511,Before partition 5,1.0,922.58984375,922.58984375,177.7,2
2025-04-18T12:00:32.758766,After partition 5,17.9,774.70703125,922.58984375,192.7,2
2025-04-18T12:00:34.872503,Before partition 6,0.0,629.40234375,922.58984375,194.8,2
2025-04-18T12:00:58.673526,After partition 6,16.9,688.95703125,922.58984375,218.6,2
2025-04-18T12:01:00.774634,Before partition 7,0.0,688.95703125,922.58984375,220.7,2
2025-04-18T12:01:41.189339,After partition 7,17.9,1032.8984375,1032.8984375,261.1,2
2025-04-18T12:01:43.292151,Before partition 8,0.0,1032.8984375,1032.8984375,263.2,2
2025-04-18T12:02:36.307419,After partition 8,17.9,960.69140625,1032.8984375,316.2,2
2025-04-18T12:02:38.409729,Before partition 9,0.0,960.69140625,1032.8984375,318.3,2
2025-04-18T12:02:55.752355,After partition 9,18.9,960.69140625,1032.8984375,335.7,2
2025-04-18T12:02:58.268823,End,0.0,960.98046875,1032.8984375,338.2,2
2025-04-18T12:20:01.186134,Start of training,1.0,411.60546875,411.60546875,1.0,2
2025-04-18T12:20:03.198169,Before partition 1,0.0,411.60546875,411.60546875,3.0,2
2025-04-18T12:20:31.382821,After partition 1,17.9,816.82421875,816.82421875,31.2,2
2025-04-18T12:20:33.483810,Before partition 2,0.0,816.94921875,816.94921875,33.3,2
2025-04-18T12:21:09.719746,After partition 2,18.9,935.78125,935.78125,69.5,2
2025-04-18T12:21:11.833681,Before partition 3,0.0,814.48046875,935.78125,71.7,2
2025-04-18T12:22:07.163708,After partition 3,18.9,916.21875,935.78125,127.0,2
2025-04-18T12:22:09.277978,Before partition 4,0.0,782.046875,935.78125,129.1,2
2025-04-18T12:22:51.334673,After partition 4,16.9,846.20703125,935.78125,171.2,2
2025-04-18T12:22:53.434511,Before partition 5,0.0,846.20703125,935.78125,173.3,2
2025-04-18T12:23:11.674245,After partition 5,18.9,847.08203125,935.78125,191.5,2
2025-04-18T12:23:13.774557,Before partition 6,0.0,847.08203125,935.78125,193.6,2
2025-04-18T12:23:34.339146,After partition 6,18.9,785.62890625,935.78125,214.2,2
2025-04-18T12:23:36.441929,Before partition 7,0.0,785.62890625,935.78125,216.3,2
2025-04-18T12:24:18.329356,After partition 7,18.9,1011.53125,1011.53125,258.2,2
2025-04-18T12:24:20.429275,Before partition 8,0.0,1011.53125,1011.53125,260.3,2
2025-04-18T12:25:12.131236,After partition 8,16.9,814.98046875,1011.53125,312.0,2
2025-04-18T12:25:14.232037,Before partition 9,0.0,814.98046875,1011.53125,314.1,2
2025-04-18T12:25:29.521163,After partition 9,17.9,814.98046875,1011.53125,329.3,2
2025-04-18T12:25:32.028303,End,0.0,815.23046875,1011.53125,331.9,2
